			{
				"eula": "",
				"vendor": "ID",
				"license": "",
				"id": "com.sap.sac.sample.DD.prepared",
				"version": "1.0.0",
				"name": "DD",
				"newInstancePrefix": "DD",
				"description": "DropDown",
				"webcomponents": [
					{
						"kind": "main",
						"tag": "com-sap-sample-dd-prepared",
						"url": "https://7947-2409-4041-2e80-cace-b523-2498-2cf9-d890.ngrok.io/static/Click_DD.js",
						"integrity": "",
						"ignoreIntegrity": true
					}
				],
				"properties": {
					"width": {
						"type": "integer",
						"default": 600
					},
					"height": {
						"type": "integer",
						"default": 420
					},
					"value": {
						"type": "number",
						"description": "Gauge value",
						"default": 1
					}
				},
				"methods": {
					"render": {
						"description": "Render",
						"parameters": [
							{
								"name": "resultSet",
								"type": "any",
								"description": "The json"
							}
						]
					}
				},
				"events": {
					"onClick": {
						"description": "Called when the user clicks the Box."
					}
				}
			}